{
  "date": {
    "prefix": "date",
    "body": [
      "${VIM:strftime('%Y-%m-%d')}"
    ],
    "description": "Add current date, useful for frontmatter"
  },

  "keyboard tag": {
    "prefix": "kbd",
    "body": "<kbd>${1}</kbd> ${0}",
    "description": "Add an HTML keyboard tag"
  },

  "hugo frontmatter": {
    "prefix": "hugofmt",
    "body": [
      "+++",
      "title = '${1:$TM_FILENAME_BASE}'",
      "date = '${VIM:strftime('%Y-%m-%d')}'",
      "tag = ['${2}']",
      "author = '${VIM:\\$USER}'",
      "+++",
      "${0}"
    ],
    "description": "Add hugo TOML frontmatter"
  },

  "Comment": {
    "prefix": "<!",
    "body": "<!-- ${1} -->${0}",
    "description": "Add a comment span"
  },

  "collapse": {
    "prefix": "collapse",
    "body": [
      "<details>",
      "    <summary markdown=\"span\">${1}</summary>",
      "</details>"
    ],
    "description": "Create a collapsible content"
  },

  "Code Block": {
    "prefix": "``",
    "body": [
      "```${1}",
      "${0}",
      "```"
    ],
    "description": "Add a code block"
  },

  "Katex Block": {
    "prefix": "$$",
    "body": "\\$\\$${1}\\$\\$${0}",
    "description": "Add a Katex block"
  },

  "Katex Inline": {
    "prefix": "katex",
    "body": "\\\\\\\\(${1}\\\\\\\\)${0}",
    "description": "Add a Katex inline block"
  }
}
